Provincia;Departamento
BUENOS AIRES;25 DE MAYO
BUENOS AIRES;ADOLFO GONZALES CHAVES
BUENOS AIRES;ALBERTI
BUENOS AIRES;ALMIRANTE BROWN
BUENOS AIRES;ARRECIFES
BUENOS AIRES;AYACUCHO
BUENOS AIRES;AZUL
BUENOS AIRES;CANUELAS
BUENOS AIRES;CAPITAN SARMIENTO
BUENOS AIRES;CARMEN DE ARECO
BUENOS AIRES;CASTELLI
BUENOS AIRES;CORONEL DORREGO
BUENOS AIRES;CORONEL PRINGLES
BUENOS AIRES;CORONEL SUAREZ
BUENOS AIRES;DOLORES
BUENOS AIRES;ESCOBAR
BUENOS AIRES;ESTEBAN ECHEVERRIA
BUENOS AIRES;EXALTACION DE LA CRUZ
BUENOS AIRES;FLORENCIO VARELA
BUENOS AIRES;GENERAL ALVARADO
BUENOS AIRES;GENERAL ARENALES
BUENOS AIRES;GENERAL BELGRANO
BUENOS AIRES;GENERAL JUAN MADARIAGA
BUENOS AIRES;GENERAL LA MADRID
BUENOS AIRES;GENERAL PUEYRREDON
BUENOS AIRES;JUNIN
BUENOS AIRES;LA MATANZA
BUENOS AIRES;LA PLATA
BUENOS AIRES;LAPRIDA
BUENOS AIRES;LAS FLORES
BUENOS AIRES;LOBERIA
BUENOS AIRES;LOBOS
BUENOS AIRES;LUJAN
BUENOS AIRES;MAGDALENA
BUENOS AIRES;MAR CHIQUITA
BUENOS AIRES;MARCOS PAZ
BUENOS AIRES;MERCEDES
BUENOS AIRES;MERLO
BUENOS AIRES;MONTE
BUENOS AIRES;MORENO
BUENOS AIRES;MORON
BUENOS AIRES;NECOCHEA
BUENOS AIRES;OLAVARRIA
BUENOS AIRES;PATAGONES
BUENOS AIRES;PERGAMINO
BUENOS AIRES;PILAR
BUENOS AIRES;PUAN
BUENOS AIRES;RAMALLO
BUENOS AIRES;RAUCH
BUENOS AIRES;RIVADAVIA
BUENOS AIRES;ROJAS
BUENOS AIRES;SAAVEDRA
BUENOS AIRES;SALADILLO
BUENOS AIRES;SALTO
BUENOS AIRES;SAN ANTONIO DE ARECO
BUENOS AIRES;SAN CAYETANO
BUENOS AIRES;SAN NICOLAS
BUENOS AIRES;SAN PEDRO
BUENOS AIRES;SAN VICENTE
BUENOS AIRES;TANDIL
BUENOS AIRES;TAPALQUE
BUENOS AIRES;TORNQUIST
BUENOS AIRES;TRES ARROYOS
BUENOS AIRES;VILLARINO
BUENOS AIRES;ZARATE